Data;Cota;Fator Acumulado IBXX
2014-12-30;1;1
2014-12-31;1,0002868;1
2015-01-02;0,9799524;0,971721331
2015-01-05;0,972215;0,952148844
2015-01-06;0,9819213;0,960456524
2015-01-07;1,0019268;0,988515896
2015-01-08;1,0105977;0,99663616
2015-01-09;0,9937834;0,975050875
2015-01-12;0,9811264;0,962735955
2015-01-13;0,9817982;0,960136273
2015-01-14;0,9822995;0,953549156
2015-01-15;0,9839734;0,959950306
2015-01-16;0,997268;0,979431982
2015-01-19;0,9753033;0,955534903
2015-01-20;0,979778;0,957411485
2015-01-21;0,997159;0,982979375
2015-01-22;0,9994246;0,987093848
2015-01-23;1,0025942;0,974839307
2015-01-26;1,0017897;0,970705513
2015-01-27;0,9982425;0,970942682
2015-01-28;0,9949298;0,955094377
2015-01-29;0,9981151;0,957083989
2015-01-30;0,9905333;0,941193178
2015-02-02;0,99223;0,954963475
2015-02-03;1,0007886;0,979112698
2015-02-04;1,0034424;0,984859338
2015-02-05;1,0062257;0,984749207
2015-02-06;1,0059171;0,97650094
2015-02-09;1,0099129;0,987771543
2015-02-10;1,0076067;0,97188846
2015-02-11;0,9991805;0,96562739
2015-02-12;1,0093521;0,989798831
2015-02-13;1,0186289;1,009987668
2015-02-18;1,0231224;1,023023273
2015-02-19;1,0233358;1,02398644
2015-02-20;1,0239141;1,022149467
2015-02-23;1,0236521;1,02346235
2015-02-24;1,0275162;1,035024222
2015-02-25;1,0288477;1,034214659
2015-02-26;1,0311372;1,033973142
2015-02-27;1,0279031;1,028961195
2015-03-02;1,0229542;1,018763407
2015-03-03;1,0236268;1,02444194
2015-03-04;1,0166023;1,008587356
2015-03-05;1,0171173;1,006917512
2015-03-06;1,0073479;0,999246469
2015-03-09;0,994821;0,984171017
2015-03-10;0,9904096;0,967134452
2015-03-11;0,9985979;0,979059081
2015-03-12;0,9986606;0,979799087
2015-03-13;0,996256;0,973926858
2015-03-16;0,9981666;0,978108473
2015-03-17;1,0079645;1,004427961
2015-03-18;1,0245106;1,028683451
2015-03-19;1,0237064;1,018337855
2015-03-20;1,0247134;1,037163091
2015-03-23;1,0245716;1,035677282
2015-03-24;1,0243651;1,02856704
2015-03-25;1,0266237;1,035078804
2015-03-26;1,0221131;1,011093813
2015-03-27;1,017972;1,00277937
2015-03-30;1,0266527;1,024874738
2015-03-31;1,0283392;1,023774389
2015-04-01;1,0394817;1,046058622
2015-04-02;1,0503253;1,06117803
2015-04-06;1,0571939;1,073714179
2015-04-07;1,0567762;1,073125362
2015-04-08;1,0570029;1,072324011
2015-04-09;1,0527221;1,074213152
2015-04-10;1,0594441;1,081349961
2015-04-13;1,0589209;1,081644128
2015-04-14;1,0582025;1,077348034
2015-04-15;1,062515;1,093924269
2015-04-16;1,0650562;1,089205522
2015-04-17;1,0605558;1,075590761
2015-04-20;1,0555138;1,071904255
2015-04-22;1,0646595;1,087187411
2015-04-23;1,070455;1,106793711
2015-04-24;1,0798521;1,122699979
2015-04-27;1,07541;1,103182075
2015-04-28;1,0783358;1,10725066
2015-04-29;1,0737896;1,100730201
2015-04-30;1,0774657;1,117091486
2015-05-04;1,0758943;1,138642958
2015-05-05;1,070564;1,151919596
2015-05-06;1,0702354;1,13529216
2015-05-07;1,0691703;1,132229249
2015-05-08;1,0768858;1,137576905
2015-05-11;1,0758521;1,138672423
2015-05-12;1,0747475;1,131044853
2015-05-13;1,0700485;1,122879184
2015-05-14;1,0700485;1,129508809
2015-05-15;1,0806473;1,141627617
2015-05-18;1,078156;1,12200248
2015-05-19;1,0765245;1,109376004
2015-05-20;1,0726596;1,097993337
2015-05-21;1,0704924;1,101800601
2015-05-22;1,0631215;1,087820184
2015-05-25;1,0662936;1,092474205
2015-05-26;1,0605874;1,072598373
2015-05-27;1,0702028;1,084305638
2015-05-28;1,067313;1,078800514
2015-05-29;1,0435166;1,055969005
2015-06-01;1,0477848;1,061748975
2015-06-02;1,0556014;1,084778527
2015-06-03;1,0493714;1,071329929
2015-06-05;1,0461295;1,061884224
2015-06-08;1,0443564;1,058547434
2015-06-09;1,0433129;1,058723257
2015-06-10;1,0421721;1,078362403
2015-06-11;1,0384922;1,074561418
2015-06-12;1,0386773;1,06796947
2015-06-15;1,0391493;1,063762738
2015-06-16;1,0419587;1,074498141
2015-06-17;1,0348705;1,066333922
2015-06-18;1,0460991;1,08439838
2015-06-19;1,0408754;1,075773348
2015-06-22;1,0428806;1,078657053
2015-06-23;1,0429504;1,077094442
2015-06-24;1,0423332;1,077698716
2015-06-25;1,0405108;1,065526291
2015-06-26;1,0508488;1,081520471
2015-06-29;1,0417369;1,061934459
2015-06-30;1,0443225;1,064054973
2015-07-01;1,0504108;1,058789916
2015-07-02;1,0550157;1,066179351
2015-07-03;1,0539508;1,056190717
2015-07-06;1,04707;1,049463037
2015-07-07;1,0446063;1,054080347
2015-07-08;1,0395538;1,042993296
2015-07-09;1,0396234;1,042993296
2015-07-10;1,0497011;1,057993395
2015-07-13;1,0474056;1,067655982
2015-07-14;1,0497382;1,070457089
2015-07-15;1,0450349;1,064999785
2015-07-16;1,0451314;1,06775114
2015-07-17;1,0347312;1,053746088
2015-07-20;1,0382049;1,040148233
2015-07-21;1,0373721;1,038369223
2015-07-22;1,0424333;1,02809077
2015-07-23;1,0337643;1,006352364
2015-07-24;1,0278914;0,995406842
2015-07-27;1,0248022;0,985757779
2015-07-28;1,0321432;1,000887814
2015-07-29;1,0390164;1,013077146
2015-07-30;1,0355599;1,007388469
2015-07-31;1,0473105;1,027443506
2015-08-03;1,0436785;1,013966409
2015-08-04;1,0457401;1,013048164
2015-08-05;1,0483283;1,016548219
2015-08-06;1,0475075;1,010120502
2015-08-07;1,0350138;0,982733994
2015-08-10;1,037523;0,996804738
2015-08-11;1,0370004;0,991507801
2015-08-12;1,0261752;0,977666498
2015-08-13;1,0263339;0,970712275
2015-08-14;1,0223659;0,961207157
2015-08-17;1,0166406;0,955780767
2015-08-18;1,0160947;0,960469566
2015-08-19;1,0139276;0,943045125
2015-08-20;1,007413;0,943047541
2015-08-21;1,0002679;0,92443967
2015-08-24;0,9893102;0,897317864
2015-08-25;0,9908452;0,902107134
2015-08-26;1,0066605;0,931151893
2015-08-27;1,0207624;0,963099196
2015-08-28;1,0140263;0,953299428
2015-08-31;1,006468;0,942672707
2015-09-01;0,9966562;0,919791929
2015-09-02;1,0140572;0,938069405
2015-09-03;1,0325966;0,955866264
2015-09-04;1,0272675;0,939361518
2015-09-08;1,0302625;0,943191001
2015-09-09;1,0249002;0,940317439
2015-09-10;1,0245792;0,936991276
2015-09-11;1,0333411;0,93541514
2015-09-14;1,0470724;0,952668104
2015-09-15;1,0434887;0,955138816
2015-09-16;1,0536874;0,977792086
2015-09-17;1,0559522;0,978486204
2015-09-18;1,0434867;0,95377763
2015-09-21;1,0345962;0,940409699
2015-09-22;1,0380021;0,934747589
2015-09-23;1,0268599;0,91737918
2015-09-24;1,0230467;0,916311195
2015-09-25;1,0243215;0,90816678
2015-09-28;1,0162144;0,892225733
2015-09-29;1,0141424;0,895847512
2015-09-30;1,0278002;0,91341493
2015-10-01;1,0327696;0,91844475
2015-10-02;1,054653;0,95134073
2015-10-05;1,0507722;0,963069248
2015-10-06;1,0523244;0,964149309
2015-10-07;1,0672381;0,985145777
2015-10-08;1,0669001;0,987562873
2015-10-09;1,0660887;0,991951708
2015-10-13;1,0635126;0,955426221
2015-10-14;1,0540148;0,941992114
2015-10-15;1,054709;0,951776908
2015-10-16;1,0553153;0,954309449
2015-10-19;1,0584918;0,958354848
2015-10-20;1,0525616;0,952648783
2015-10-21;1,0524623;0,951965774
2015-10-22;1,0585213;0,96614665
2015-10-23;1,056236;0,962947524
2015-10-26;1,0524037;0,955446991
2015-10-27;1,0509512;0,953019752
2015-10-28;1,0511167;0,946390127
2015-10-29;1,0376655;0,924198154
2015-10-30;1,0381353;0,925806653
2015-11-03;1,0562222;0,965748148
2015-11-04;1,0591831;0,959451816
2015-11-05;1,0632206;0,967232507
2015-11-06;1,0557797;0,945101396
2015-11-09;1,0502373;0,931104556
2015-11-10;1,0547631;0,930185344
2015-11-11;1,0585247;0,947369718
2015-11-12;1,06245;0,943285676
2015-11-13;1,0565673;0,937303315
2015-11-16;1,0553766;0,942985229
2015-11-17;1,0539085;0,95105091
2015-11-18;1,0579022;0,953954903
2015-11-19;1,0615787;0,967432
2015-11-20;1,0616354;0,967432
2015-11-23;1,0657857;0,967829053
2015-11-24;1,0656202;0,969690178
2015-11-25;1,0524129;0,944280723
2015-11-26;1,0637485;0,950113827
2015-11-27;1,0532456;0,925854473
2015-11-30;1,0514736;0,910423509
2015-12-01;1,0468083;0,910608027
2015-12-02;1,051768;0,90847109
2015-12-03;1,0554314;0,936644941
2015-12-04;1,0498206;0,916389929
2015-12-07;1,0515912;0,914306126
2015-12-08;1,0411494;0,898322572
2015-12-09;1,0637959;0,928887919
2015-12-10;1,0527134;0,919436417
2015-12-11;1,0544331;0,912953634
2015-12-14;1,0448542;0,901809586
2015-12-15;1,0478641;0,903016684
2015-12-16;1,0479402;0,906325459
2015-12-17;1,0454663;0,911623845
2015-12-18;1,030288;0,885899453
2015-12-21;1,0287572;0,873731375
2015-12-22;1,0303107;0,879194475
2015-12-23;1,036527;0,890148692
2015-12-24;1,0365836;0,890148692
2015-12-28;1,0335116;0,885941477
2015-12-29;1,0323635;0,883091583
2015-12-30;1,0317511;0,875910819
2015-12-31;1,0318223;0,875910819
2016-01-04;1,0074831;0,850800361
2016-01-05;1,0212311;0,856693361
2016-01-06;1,0188988;0,844506444
2016-01-07;1,0010622;0,822506718
2016-01-08;0,9989908;0,821874428
2016-01-11;0,9844514;0,808219575
2016-01-12;0,9815367;0,801061996
2016-01-13;0,9833506;0,79014304
2016-01-14;0,9832578;0,799971791
2016-01-15;0,9735773;0,781899604
2016-01-18;0,9676133;0,76933399
2016-01-19;0,9576251;0,772335072
2016-01-20;0,9499864;0,76353808
2016-01-21;0,9582219;0,764234613
2016-01-22;0,961984;0,771668004
2016-01-25;0,9620293;0,771668004
2016-01-26;0,9494484;0,761145135
2016-01-27;0,9698711;0,780101756
2016-01-28;0,9765874;0,785424294
2016-01-29;1,0039117;0,821132007
2016-02-01;0,9973939;0,824349005
2016-02-02;0,9711588;0,786777268
2016-02-03;0,9789699;0,804968282
2016-02-04;0,9880336;0,828129702
2016-02-05;0,9822696;0,823944223
2016-02-10;0,9791971;0,819477619
2016-02-11;0,9715019;0,799303274
2016-02-12;0,9705655;0,808252904
2016-02-15;0,9751716;0,813313638
2016-02-16;0,9911748;0,829931897
2016-02-17;1,0013163;0,843202739
2016-02-18;0,998917;0,841704371
2016-02-19;1,0137501;0,842484952
2016-02-22;1,0251141;0,87489017
2016-02-23;1,0234306;0,861118424
2016-02-24;1,0104817;0,85208716
2016-02-25;1,0135957;0,848415145
2016-02-26;1,0142557;0,841964243
2016-02-29;1,0396523;0,864603988
2016-03-01;1,0550092;0,890139514
2016-03-02;1,059887;0,904132007
2016-03-03;1,0861477;0,945845266
2016-03-04;1,1313512;0,980658886
2016-03-07;1,130997;0,983616012
2016-03-08;1,145286;0,980972857
2016-03-09;1,148829;0,973453486
2016-03-10;1,1791321;0,990090583
2016-03-11;1,1886868;0,9907335
2016-03-14;1,1648738;0,976044957
2016-03-15;1,1288917;0,944098137
2016-03-16;1,1479768;0,95604885
2016-03-17;1,2112932;1,014922331
2016-03-18;1,2091494;1,012392205
2016-03-21;1,215421;1,020287859
2016-03-22;1,2121497;1,017500277
2016-03-23;1,1856137;0,993095047
2016-03-24;1,1877173;0,992205784
2016-03-28;1,2271068;1,014466348
2016-03-29;1,2390472;1,020741426
2016-03-30;1,2371134;1,02161475
2016-03-31;1,2176358;0,997877071
2016-04-01;1,2244602;1,007551734
2016-04-04;1,189649;0,973475706
2016-04-05;1,1876333;0,978866834
2016-04-06;1,1760442;0,960941006
2016-04-07;1,1788531;0,968723146
2016-04-08;1,221333;1,001620575
2016-04-11;1,2138656;0,998179933
2016-04-12;1,2495812;1,031816884
2016-04-13;1,2722426;1,053662523
2016-04-14;1,2673723;1,040671358
2016-04-15;1,2787823;1,056795474
2016-04-18;1,2725816;1,050718922
2016-04-19;1,2885652;1,065155805
2016-04-20;1,280882;1,063236232
2016-04-22;1,275014;1,051136262
2016-04-25;1,2540942;1,031815918
2016-04-26;1,2854198;1,054674477
2016-04-27;1,3194259;1,080800752
2016-04-28;1,3158001;1,076913305
2016-04-29;1,3188685;1,069111843
2016-05-02;1,3145584;1,062959938
2016-05-03;1,28873;1,038994751
2016-05-04;1,2987985;1,044687775
2016-05-05;1,2801723;1,027676327
2016-05-06;1,2855946;1,028086422
2016-05-09;1,2713995;1,014113734
2016-05-10;1,3249171;1,053532588
2016-05-11;1,3341525;1,048816739
2016-05-12;1,3354799;1,059200977
2016-05-13;1,3037007;1,031626569
2016-05-16;1,3009795;1,031086539
2016-05-17;1,2732334;1,012549674
2016-05-18;1,2645827;1,006715604
2016-05-19;1,2556628;0,998578435
2016-05-20;1,2514083;0,991597162
2016-05-23;1,2362421;0,98393578
2016-05-24;1,2393258;0,984715395
2016-05-25;1,2418439;0,987125245
2016-05-27;1,2358088;0,979536318
2016-05-30;1,2330275;0,977576171
2016-05-31;1,2260948;0,968545873
2016-06-01;1,2370161;0,978794862
2016-06-02;1,2592574;0,995408774
2016-06-03;1,2793006;1,00952444
2016-06-06;1,2694576;1,005689643
2016-06-07;1,2725669;1,006284739
2016-06-08;1,3071332;1,027867125
2016-06-09;1,2959019;1,018563915
2016-06-10;1,2579466;0,986305539
2016-06-13;1,2572171;0,991507801
2016-06-14;1,2330752;0,971494788
2016-06-15;1,2386582;0,976616385
2016-06-16;1,2478442;0,986105563
2016-06-17;1,2624561;0,988155554
2016-06-20;1,2912043;1,003829001
2016-06-21;1,3089;1,014459585
2016-06-22;1,2880298;1,002389563
2016-06-23;1,326051;1,030320932
2016-06-24;1,2973372;1,002948432
2016-06-27;1,2653657;0,98673109
2016-06-28;1,2945236;1,002042262
2016-06-29;1,3285387;1,020938021
2016-06-30;1,3431066;1,031279269
2016-07-01;1,3525671;1,04410572
2016-07-04;1,3571122;1,050982175
2016-07-05;1,3418175;1,038374054
2016-07-06;1,3451719;1,039130483
2016-07-07;1,3568027;1,041749487
2016-07-08;1,3925164;1,063575321
2016-07-11;1,414464;1,080241883
2016-07-12;1,4213527;1,086211685
2016-07-13;1,4293108;1,092671765
2016-07-14;1,4518574;1,110040174
2016-07-15;1,4564193;1,111852996
2016-07-18;1,4742652;1,129559044
2016-07-19;1,484001;1,134062842
2016-07-20;1,4797461;1,131823502
2016-07-21;1,4785891;1,133274532
2016-07-22;1,4839949;1,140616147
2016-07-25;1,478286;1,138211127
2016-07-26;1,473707;1,13596116
2016-07-27;1,4732506;1,137561931
2016-07-28;1,4687142;1,134053181
2016-07-29;1,5074049;1,14796066
2016-08-01;1,4981792;1,138433805
2016-08-02;1,4906623;1,127103789
2016-08-03;1,5072729;1,143719149
2016-08-04;1,5194025;1,154609606
2016-08-05;1,5149048;1,156843632
2016-08-08;1,5118939;1,155920557
2016-08-09;1,510352;1,156605014
2016-08-10;1,5016961;1,141702005
2016-08-11;1,5248271;1,16871706
2016-08-12;1,5266941;1,168838301
2016-08-15;1,5387806;1,184347034
2016-08-16;1,5365841;1,179116755
2016-08-17;1,5425503;1,187658706
2016-08-18;1,5417457;1,184737807
2016-08-19;1,5365833;1,183009999
2016-08-22;1,5192522;1,156904977
2016-08-23;1,5218245;1,160776002
2016-08-24;1,5149161;1,155100367
2016-08-25;1,5162699;1,155246243
2016-08-26;1,5204656;1,15617753
2016-08-29;1,5342017;1,173713551
2016-08-30;1,5381237;1,173459959
2016-08-31;1,531307;1,160815127
2016-09-01;1,5391218;1,16735201
2016-09-02;1,5645316;1,194642877
2016-09-05;1,5628748;1,193638652
2016-09-06;1,5717769;1,205603856
2016-09-08;1,5694187;1,207675584
2016-09-09;1,5351603;1,164406476
2016-09-12;1,5414833;1,175095508
2016-09-13;1,5245941;1,140952821
2016-09-14;1,5304575;1,145343588
2016-09-15;1,5461576;1,161401046
2016-09-16;1,5328042;1,145146511
2016-09-19;1,5336004;1,150100495
2016-09-20;1,5385572;1,157974895
2016-09-21;1,5440411;1,16997053
2016-09-22;1,559519;1,181746386
2016-09-23;1,5484551;1,175254425
2016-09-26;1,530975;1,162831789
2016-09-27;1,5332486;1,16878227
2016-09-28;1,5533607;1,187506551
2016-09-29;1,5294456;1,167981884
2016-09-30;1,5284639;1,167813306
2016-10-03;1,5577875;1,189059984
2016-10-04;1,5538029;1,186949131
2016-10-05;1,5747871;1,203982798
2016-10-06;1,5879533;1,211888595
2016-10-07;1,5987013;1,220426682
2016-10-10;1,6153172;1,231498276
2016-10-11;1,5979968;1,2188177
2016-10-13;1,6016293;1,22113674
2016-10-14;1,6183391;1,233273904
2016-10-17;1,6376229;1,251069314
2016-10-18;1,6630649;1,272139685
2016-10-19;1,6576776;1,266337496
2016-10-20;1,6662998;1,272656047
2016-10-21;1,6654871;1,278272269
2016-10-24;1,6737493;1,277648674
2016-10-25;1,6680981;1,273613901
2016-10-26;1,6659712;1,272635277
2016-10-27;1,6781915;1,280684052
2016-10-28;1,6853924;1,282000799
2016-10-31;1,6955724;1,293393609
2016-11-01;1,6640072;1,261659807
2016-11-03;1,6371874;1,231068377
2016-11-04;1,6391273;1,2274949
2016-11-07;1,6761137;1,273944296
2016-11-08;1,675516;1,275975931
2016-11-09;1,6490482;1,258155404
2016-11-10;1,5979681;1,216273567
2016-11-11;1,5637113;1,176795783
2016-11-14;1,5568376;1,18503439
2016-11-16;1,5787111;1,207161637
2016-11-17;1,5603976;1,188582265
2016-11-18;1,5566182;1,192349437
2016-11-21;1,5609306;1,212907794
2016-11-22;1,5640475;1,228951727
2016-11-23;1,5587141;1,229071036
2016-11-24;1,5544447;1,219051971
2016-11-25;1,5524921;1,221842451
2016-11-28;1,5562103;1,245839518
2016-11-29;1,5445456;1,211343734
2016-11-30;1,5578721;1,228694271
2016-12-01;1,5391422;1,181599544
2016-12-02;1,5475213;1,195706032
2016-12-05;1,5370824;1,186511504
2016-12-06;1,5517799;1,210189769
2016-12-07;1,5554419;1,216207391
2016-12-08;1,5592508;1,202955871
2016-12-09;1,5630788;1,200141722
2016-12-12;1,5395634;1,174876694
2016-12-13;1,5495049;1,177568635
2016-12-14;1,5315341;1,157265803
2016-12-15;1,5272892;1,161031043
2016-12-16;1,5369794;1,161375928
2016-12-19;1,5192798;1,137684138
2016-12-20;1,5167521;1,145200611
2016-12-21;1,5173661;1,146742451
2016-12-22;1,5178823;1,139792093
2016-12-23;1,5304222;1,152656704
2016-12-26;1,5414378;1,165774908
2016-12-27;1,5453439;1,167366984
2016-12-28;1,5766678;1,188719446
2016-12-29;1,5856189;1,197343513
2016-12-30;1,585521;1,197343513
2017-01-02;1,5775849;1,185303439
2017-01-03;1,6312212;1,227867319
2017-01-04;1,6361193;1,22459284
2017-01-05;1,645747;1,234002801
2017-01-06;1,6358024;1,225723619
2017-01-09;1,6345274;1,226538496
2017-01-10;1,640017;1,234267503
2017-01-11;1,6464541;1,239504544
2017-01-12;1,6967738;1,269521648
2017-01-13;1,6807391;1,264441592
2017-01-16;1,6847934;1,267899141
2017-01-17;1,6986161;1,278254397
2017-01-18;1,6883653;1,273631774
2017-01-19;1,6835539;1,268757007
2017-01-20;1,6924534;1,280287965
2017-01-23;1,7101555;1,303460012
2017-01-24;1,7136942;1,305721571
2017-01-25;1,7136231;1,305721571
2017-01-26;1,7333472;1,313428359
2017-01-27;1,7303732;1,309794986
2017-01-30;1,7012633;1,27634207
2017-01-31;1,7106568;1,283653254
2017-02-01;1,7095337;1,287075541
2017-02-02;1,7033334;1,283034972
2017-02-03;1,72369;1,291123838
2017-02-06;1,7109295;1,272989823
2017-02-07;1,7128747;1,276831382
2017-02-08;1,7297494;1,289462206
2017-02-09;1,7337734;1,292013585
2017-02-10;1,7514881;1,31411668
2017-02-13;1,7687488;1,330833961
2017-02-14;1,7639551;1,325367479
2017-02-15;1,7940874;1,349890086
2017-02-16;1,794688;1,347409713
2017-02-17;1,7918647;1,346185708
2017-02-20;1,8046201;1,361082921
2017-02-21;1,8220558;1,371665685
2017-02-22;1,810278;1,362127238
2017-02-23;1,7939334;1,34134572
2017-02-24;1,777852;1,326064495
2017-03-01;1,7837399;1,332686875
2017-03-02;1,7655561;1,311108835
2017-03-03;1,7816114;1,328659347
2017-03-06;1,7794938;1,321524471
2017-03-07;1,7675063;1,310143736
2017-03-08;1,7395028;1,289670876
2017-03-09;1,7297778;1,286346162
2017-03-10;1,7298367;1,288503869
2017-03-13;1,7484428;1,305636557
2017-03-14;1,7214829;1,289759754
2017-03-15;1,7579987;1,318593428
2017-03-16;1,7377638;1,310543204
2017-03-17;1,7054517;1,280282651
2017-03-20;1,7141095;1,292026144
2017-03-21;1,6805918;1,25607305
2017-03-22;1,7026876;1,266012415
2017-03-23;1,7050953;1,267033546
2017-03-24;1,7085512;1,272938138
2017-03-27;1,7078271;1,281107188
2017-03-28;1,7130104;1,287659045
2017-03-29;1,7386499;1,304893653
2017-03-30;1,7341182;1,299584157
2017-03-31;1,7289317;1,294837877
2017-04-03;1,7448167;1,299625698
2017-04-04;1,7562419;1,310011385
2017-04-05;1,731901;1,29156678
2017-04-06;1,7137796;1,280471034
2017-04-07;1,7283324;1,287740677
2017-04-10;1,7259642;1,288388907
2017-04-11;1,7233709;1,283315131
2017-04-12;1,7195518;1,274376127
2017-04-13;1,6999833;1,254673704
2017-04-17;1,7320628;1,284070111
2017-04-18;1,7299547;1,28081592
2017-04-19;1,7102689;1,266797343
2017-04-20;1,707772;1,272835253
2017-04-24;1,7135604;1,284342059
2017-04-25;1,7326149;1,299527159
2017-04-26;1,7222829;1,293974698
2017-04-27;1,7204518;1,290797308
2017-04-28;1,7417729;1,306207502
2017-05-02;1,7799303;1,332871393
2017-05-03;1,7756596;1,321912346
2017-05-04;1,748908;1,298795365
2017-05-05;1,7829126;1,315768652
2017-05-08;1,7763573;1,312972376
2017-05-09;1,7971585;1,327713086
2017-05-10;1,8325762;1,348820168
2017-05-11;1,8467692;1,353067475
2017-05-12;1,8598482;1,365445673
2017-05-15;1,8682823;1,369808907
2017-05-16;1,8826771;1,374726181
2017-05-17;1,8674367;1,352532758
2017-05-18;1,6942387;1,233531361
2017-05-19;1,7153675;1,254802674
2017-05-22;1,6964843;1,234867912
2017-05-23;1,7138502;1,255523842
2017-05-24;1,7310945;1,26767598
2017-05-25;1,7432174;1,266990073
2017-05-26;1,7499645;1,284611108
2017-05-29;1,7447926;1,278416696
2017-05-30;1,7446622;1,282252942
2017-05-31;1,7283126;1,25844136
2017-06-01;1,7193604;1,250140925
2017-06-02;1,7258551;1,254403206
2017-06-05;1,727183;1,252935752
2017-06-06;1,7301943;1,263077025
2017-06-07;1,7357227;1,268135344
2017-06-08;1,7283069;1,259650874
2017-06-09;1,7180158;1,249269051
2017-06-12;1,7070895;1,239332584
2017-06-13;1,7095187;1,242208561
2017-06-14;1,7134348;1,24403201
2017-06-16;1,7146227;1,239399243
2017-06-19;1,7127537;1,246488231
2017-06-20;1,6925324;1,222364127
2017-06-21;1,6811788;1,220903435
2017-06-22;1,69296316;1,230639444
2017-06-23;1,68403225;1,227492968
2017-06-26;1,70237341;1,248530977
2017-06-27;1,6905235;1,238614314
2017-06-28;1,68899673;1,244739653
2017-06-29;1,69338138;1,248518418
2017-06-30;1,71404163;1,262195007
2017-07-03;1,71020756;1,269430838
2017-07-04;1,70861836;1,268754592
2017-07-05;1,70821357;1,267636854
2017-07-06;1,70071971;1,254984777
2017-07-07;1,69770286;1,252289454
2017-07-10;1,70580039;1,265944307
2017-07-11;1,72185839;1,281079655
2017-07-12;1,75216242;1,30146557
2017-07-13;1,76296153;1,309017304
2017-07-14;1,76878233;1,314227295
2017-07-17;1,7605655;1,310224403
2017-07-18;1,76526454;1,312613966
2017-07-19;1,76635366;1,309174772
2017-07-20;1,76531813;1,305395041
2017-07-21;1,75822602;1,30101973
2017-07-24;1,77017442;1,308807184
2017-07-25;1,78186161;1,319503945
2017-07-26;1,76484835;1,306909349
2017-07-27;1,76839323;1,312196625
2017-07-28;1,77370415;1,315967179
2017-07-31;1,77967213;1,324174871
2017-08-01;1,78727948;1,335555606
2017-08-02;1,80832818;1,347557521
2017-08-03;1,80095658;1,341143329
2017-08-04;1,79818344;1,34342276
2017-08-07;1,81591897;1,363045483
2017-08-08;1,81707425;1,361782835
2017-08-09;1,81776045;1,35729691
2017-08-10;1,8017652;1,343541586
2017-08-11;1,80640322;1,351255136
2017-08-14;1,81961884;1,369268877
2017-08-15;1,82376977;1,370574997
2017-08-16;1,82629394;1,375248822
2017-08-17;1,81460797;1,363250289
2017-08-18;1,84231456;1,377300262
2017-08-21;1,8325199;1,376215854
2017-08-22;1,86138129;1,402681701
2017-08-23;1,86953911;1,411760302
2017-08-24;1,88036213;1,4252345
2017-08-25;1,88603572;1,424209988
2017-08-28;1,89220222;1,423752073
2017-08-29;1,89526878;1,429167836
2017-08-30;1,88276448;1,421450905
2017-08-31;1,88416589;1,421463947
2017-09-01;1,90636477;1,441681765
2017-09-04;1,91968131;1,446574887
2017-09-05;1,93565806;1,447598434
2017-09-06;1,97432269;1,471243853
2017-09-08;1,973739;1,466026616
2017-09-11;2,00405263;1,489865248
2017-09-12;2,00539287;1,493292366
2017-09-13;2,01255271;1,499055912
2017-09-14;2,01918483;1,497951217
2017-09-15;2,04178264;1,519250063
2017-09-18;2,04814814;1,523477565
2017-09-19;2,04974607;1,522927874
2017-09-20;2,06465564;1,523391585
2017-09-21;2,04755877;1,515238959
2017-09-22;2,04763365;1,511680456
2017-09-25;2,03145941;1,491615759
2017-09-26;2,02604996;1,488782289
2017-09-27;2,00816628;1,477411215
2017-09-28;2,00530655;1,47262581
2017-09-29;2,02350354;1,488155795
2017-10-02;2,02039951;1,489421824
2017-10-03;2,06984341;1,535241345
2017-10-04;2,06054153;1,53248033
2017-10-05;2,06988917;1,533388431
2017-10-06;2,05765659;1,523347629
2017-10-09;2,05902424;1,516869194
2017-10-10;2,08270677;1,539438899
2017-10-11;2,07815059;1,534720153
2017-10-13;2,07920227;1,539778955
2017-10-16;2,0696161;1,53660398
2017-10-17;2,06063857;1,522600861
2017-10-18;2,07505562;1,532217077
2017-10-19;2,06876961;1,526579602
2017-10-20;2,06979659;1,529586964
2017-10-23;2,04939844;1,510119778
2017-10-24;2,06623437;1,527770277
2017-10-25;2,07200068;1,533212607
2017-10-26;2,05818162;1,51789902
2017-10-27;2,06626951;1,519103221
2017-10-30;2,03509629;1,495529773
2017-10-31;2,01845848;1,486240088
2017-11-01;2,01106099;1,477631961
2017-11-03;1,99927049;1,4773547
2017-11-06;2,01752027;1,483841347
2017-11-07;1,96406986;1,446530448
2017-11-08;2,02399704;1,483617703
2017-11-09;1,97938879;1,455382989
2017-11-10;1,95557249;1,439115412
2017-11-13;1,95487511;1,445839711
2017-11-14;1,90976061;1,4155666
2017-11-16;1,94622261;1,448744187
2017-11-17;1,97732928;1,467001376
2017-11-20;1,97721137;1,467001376
2017-11-21;2,00231743;1,490040589
2017-11-22;2,00360958;1,488350458
2017-11-23;2,0040492;1,487053032
2017-11-24;2,00012987;1,480833019
2017-11-27;1,99474236;1,478400466
2017-11-28;1,99600553;1,479433673
2017-11-29;1,95095578;1,451572827
2017-11-30;1,92926704;1,436024003
2017-12-01;1,94308202;1,441732001
2017-12-04;1,95900929;1,457243149
2017-12-05;1,94675035;1,447087385
2017-12-06;1,96610614;1,460507967
2017-12-07;1,94645745;1,446573921
2017-12-08;1,95377428;1,452636948
2017-12-11;1,95152529;1,453669189
2017-12-12;1,96143339;1,472572676
2017-12-13;1,93688888;1,456021559
2017-12-14;1,92204868;1,446738635
2017-12-15;1,92945155;1,451126022
2017-12-18;1,931068;1,460528737
2017-12-19;1,91610495;1,451836563
2017-12-20;1,92942475;1,465446011
2017-12-21;1,96867348;1,499260235
2017-12-22;1,96728521;1,500626252
2017-12-26;1,98665864;1,510934654
2017-12-27;1,99612792;1,51933411
2017-12-28;2,00969301;1,527156343
2017-12-29;2,00957411;1,527156343
2018-01-02;2,03345344;1,555246629
2018-01-03;2,03866441;1,557186972
2018-01-04;2,04554949;1,569240088
2018-01-05;2,05337991;1,577369529
2018-01-08;2,05253529;1,582040939
2018-01-09;2,03754071;1,572532922
2018-01-10;2,02498415;1,559566391
2018-01-11;2,04911382;1,581512018
2018-01-12;2,04735749;1,581020774
2018-01-15;2,06159747;1,589417815
2018-01-16;2,06591468;1,59165957
2018-01-17;2,10087271;1,617005748
2018-01-18;2,08542794;1,612882097
2018-01-19;2,08978578;1,618338435
2018-01-22;2,09536756;1,627566293
2018-01-23;2,06306707;1,608436264
2018-01-24;2,13423825;1,666284266
2018-01-25;2,13408145;1,666284266
2018-01-26;2,18669911;1,702860472
2018-01-29;2,17410561;1,686585649
2018-01-30;2,16124581;1,682110834
2018-01-31;2,18465431;1,691239187
2018-02-01;2,22529018;1,703031948
2018-02-02;2,18599628;1,67443496
2018-02-05;2,13813398;1,632091826
2018-02-06;2,16907278;1,670210839
2018-02-07;2,14844048;1,649455888
2018-02-08;2,12453254;1,624737653
2018-02-09;2,09265213;1,611261522
2018-02-14;2,12773545;1,663023312
2018-02-15;2,13765408;1,67705493
2018-02-16;2,14112929;1,681337015
2018-02-19;2,14468443;1,687370577
2018-02-20;2,1597945;1,706413661
2018-02-21;2,16948951;1,711512071
2018-02-22;2,19243136;1,723475343
2018-02-23;2,21082463;1,735548747
2018-02-26;2,21479611;1,741554293
2018-02-27;2,20916577;1,728500333
2018-02-28;2,1992169;1,698281804
2018-03-01;2,18799514;1,698949355
2018-03-02;2,20583358;1,706048005
2018-03-05;2,22017271;1,711267657
2018-03-06;2,21415139;1,703932804
2018-03-07;2,21028362;1,700511483
2018-03-08;2,19317186;1,690990425
2018-03-09;2,22157359;1,718222362
2018-03-12;2,23569513;1,729412782
2018-03-13;2,22011443;1,719784007
2018-03-14;2,20797412;1,712583921
2018-03-15;2,18604486;1,691772938
2018-03-16;2,17036657;1,691076888
2018-03-19;2,1513205;1,672918238
2018-03-20;2,14992472;1,677667416
2018-03-21;2,16103447;1,692528884
2018-03-22;2,1839197;1,689187747
2018-03-23;2,15797829;1,681459223
2018-03-26;2,17016391;1,694859517
2018-03-27;2,14133343;1,669888173
2018-03-28;2,10993991;1,670498243
2018-03-29;2,13352743;1,699621254
2018-04-02;2,10008634;1,684406205
2018-04-03;2,09255717;1,68372368
2018-04-04;2,08407207;1,678611262
2018-04-05;2,10381729;1,694892363
2018-04-06;2,09729879;1,687975817
2018-04-09;2,07265253;1,658575063
2018-04-10;2,07900673;1,680692167
2018-04-11;2,07206306;1,693972186
2018-04-12;2,08537677;1,698260551
2018-04-13;2,07983866;1,677169892
2018-04-16;2,04821384;1,64807055
2018-04-17;2,05699855;1,673003734
2018-04-18;2,07338507;1,706032548
2018-04-19;2,07706505;1,707721713
2018-04-20;2,08032479;1,703632841
2018-04-23;2,09944698;1,705103193
2018-04-24;2,07812774;1,701103198
2018-04-25;2,08192151;1,693567888
2018-04-26;2,09942365;1,719000528
2018-04-27;2,10052316;1,719995092
2018-04-30;2,10119178;1,713513759
2018-05-02;2,07524594;1,682919431
2018-05-03;2,06330638;1,657385836
2018-05-04;2,07830039;1,653008111
2018-05-07;2,0642497;1,645331271
2018-05-08;2,05449973;1,649754402
2018-05-09;2,06306331;1,67487935
2018-05-10;2,09913196;1,70623832
2018-05-11;2,06579216;1,693229282
2018-05-14;2,02575939;1,691377334
2018-05-15;2,0087119;1,688024604
2018-05-16;2,00898467;1,715220797
2018-05-17;1,94526031;1,657515289
2018-05-18;1,94275856;1,646702601
2018-05-21;1,95731291;1,623576442
2018-05-22;2,02174579;1,643224282
2018-05-23;1,98093557;1,606564512
2018-05-24;1,99166716;1,591428197
2018-05-25;1,9649935;1,568423763
2018-05-28;1,89019075;1,497554647
2018-05-29;1,90589482;1,51263831
2018-05-30;1,94351826;1,526602304
2018-06-01;1,98243566;1,537257041
2018-06-04;2,01046858;1,564832897
2018-06-05;1,97001022;1,526141974
2018-06-06;1,92319334;1,514338103
2018-06-07;1,85174694;1,469653226
2018-06-08;1,87639264;1,45297652
2018-06-11;1,85245754;1,440421533
2018-06-12;1,84533714;1,448412827
2018-06-13;1,82519402;1,436418158
2018-06-14;1,78688731;1,42288841
2018-06-15;1,80675327;1,409334994
2018-06-18;1,76658676;1,390592358
2018-06-19;1,83511669;1,421797722
2018-06-20;1,85903897;1,43610322
2018-06-21;1,80888546;1,395983486
2018-06-22;1,82412141;1,40762216
2018-06-25;1,85108804;1,413757642
2018-06-26;1,88138639;1,422634818
2018-06-27;1,8530604;1,406920797
2018-06-28;1,89823242;1,428297411
2018-06-29;1,91819239;1,447299436
2018-07-02;1,91442051;1,44794187
2018-07-03;1,92863517;1,464094002
2018-07-04;1,95191023;1,484951839
2018-07-05;1,93985556;1,481210268
2018-07-06;1,95136829;1,490294181
2018-07-09;1,95126029;1,490294181
2018-07-10;1,9473028;1,48795582
2018-07-11;1,94093474;1,47954622
2018-07-12;1,95153029;1,507588203
2018-07-13;1,97280908;1,522590234
2018-07-16;1,96886361;1,524657614
2018-07-17;1,99927623;1,553534278
2018-07-18;1,97090818;1,53905199
2018-07-19;1,98792078;1,541386971
2018-07-20;2,04119877;1,564033961
2018-07-23;2,0032339;1,553529448
2018-07-24;2,04414926;1,575365426
2018-07-25;2,04941348;1,596657993
2018-07-26;2,02612089;1,580102529
2018-07-27;2,01055694;1,587909787
2018-07-30;2,0135525;1,595204064
2018-07-31;2,0123247;1,575180425
2018-08-01;2,03656859;1,577404791
2018-08-02;2,02634545;1,583685182
2018-08-03;2,05749499;1,618196906
2018-08-06;2,05115956;1,61075627
2018-08-07;2,0340153;1,597654973
2018-08-08;2,02792252;1,574587261
2018-08-09;2,01778002;1,567108465
2018-08-10;1,97983845;1,522665587
2018-08-13;2,00748342;1,541208731
2018-08-14;2,03519112;1,564361457
2018-08-15;2,01510541;1,535243277
2018-08-16;2,01544876;1,530745759
2018-08-17;1,99253446;1,515211909
2018-08-20;1,99948017;1,520981252
2018-08-21;1,93100984;1,497696658
2018-08-22;1,96352613;1,529993194
2018-08-23;1,91958787;1,504197796
2018-08-24;1,93598948;1,515840334
2018-08-27;1,97061125;1,548851276
2018-08-28;1,96102446;1,540489979
2018-08-29;1,99323149;1,558580521
2018-08-30;1,94705921;1,519849989
2018-08-31;1,95769755;1,525949244
2018-09-03;1,94998819;1,516851805
2018-09-04;1,91987351;1,487832164
2018-09-05;1,90658652;1,495978028
2018-09-06;1,93501096;1,52132662
2018-09-10;1,93238863;1,522654477
2018-09-11;1,8783883;1,487898822
2018-09-12;1,87761693;1,495965952
2018-09-13;1,85510866;1,486712011
2018-09-14;1,85840527;1,500223886
2018-09-17;1,90459997;1,526530815
2018-09-18;1,94513052;1,55500463
2018-09-19;1,91592634;1,552569662
2018-09-20;1,91528173;1,551193018
2018-09-21;1,95012049;1,577025127
2018-09-24;1,91492243;1,548435384
2018-09-25;1,90218165;1,560181775
2018-09-26;1,91427089;1,561513013
2018-09-27;1,98692036;1,587438347
2018-09-28;1,9627513;1,575230177
2018-10-01;1,92868979;1,560307363
2018-10-02;2,04297267;1,618539377
2018-10-03;2,10992533;1,651136842
2018-10-04;2,11759018;1,645768899
2018-10-05;2,11531292;1,633988696
2018-10-08;2,27051518;1,707667131
2018-10-09;2,29225682;1,707053679
2018-10-10;2,23124264;1,659838677
2018-10-11;2,20804973;1,645797881
2018-10-15;2,17790743;1,654009437
2018-10-16;2,27072827;1,700028934
2018-10-17;2,27691732;1,701501701
2018-10-18;2,23797896;1,666690496
2018-10-19;2,26031318;1,675339198
2018-10-22;2,29744648;1,701751911
2018-10-23;2,29942568;1,696559792
2018-10-24;2,24613497;1,653749083
2018-10-25;2,28152363;1,673638439
2018-10-26;2,36579126;1,704651074
2018-10-29;2,2998071;1,667880206
2018-10-30;2,40298958;1,728927334
2018-10-31;2,40759982;1,739367604
2018-11-01;2,41987798;1,75968058
2018-11-05;2,44203033;1,782698057
2018-11-06;2,40273178;1,764561626
2018-11-07;2,36479556;1,746127647
2018-11-08;2,31202074;1,705363547
2018-11-09;2,33075297;1,706578375
2018-11-12;2,31515352;1,705195935
2018-11-13;2,30578265;1,694632492
2018-11-14;2,35581558;1,714935807
2018-11-16;2,44287089;1,764449562
2018-11-19;2,41506504;1,752577584
2018-11-20;2,41491453;1,752577584
2018-11-21;2,4003515;1,740943257
2018-11-22;2,42498972;1,746079827
2018-11-23;2,39786559;1,722807792
2018-11-26;2,36949881;1,709137965
2018-11-27;2,43631003;1,754475419
2018-11-28;2,47360192;1,781647944
2018-11-29;2,48630638;1,790293264
2018-11-30;2,49101722;1,78566581
2018-12-03;2,49023937;1,792224912
2018-12-04;2,45880671;1,770029557
2018-12-05;2,47535602;1,778793703
2018-12-06;2,47132988;1,775791654
2018-12-07;2,45899485;1,761417083
2018-12-10;2,41093127;1,719337202
2018-12-11;2,4369707;1,730146509
2018-12-12;2,45844657;1,741747989
2018-12-13;2,48104431;1,757507899
2018-12-14;2,47274588;1,749962444
2018-12-17;2,4317352;1,728720113
2018-12-18;2,43636408;1,734388985
2018-12-19;2,43545783;1,715824588
2018-12-20;2,42629779;1,709944147
2018-12-21;2,4159877;1,718287572
2018-12-24;2,4158734;1,718287572
2018-12-26;2,41235419;1,707815905
2018-12-27;2,42762579;1,714957544
2018-12-28;2,5022375;1,762655096
2018-12-31;2,50210182;1,762655096
2019-01-02;2,59375587;1,823169922
2019-01-03;2,61569626;1,834350681
2019-01-04;2,60905601;1,838458874
2019-01-07;2,59675835;1,83483951
2019-01-08;2,59769767;1,840683723
2019-01-09;2,66431257;1,871551448
2019-01-10;2,67685303;1,876109345
2019-01-11;2,65867507;1,874582962
2019-01-14;2,66222814;1,891536928
2019-01-15;2,64865129;1,884004998
2019-01-16;2,64851296;1,890734128
2019-01-17;2,69403276;1,909234765
2019-01-18;2,704677;1,923537365
2019-01-21;2,72804995;1,921791684
2019-01-22;2,71544967;1,904588473
2019-01-23;2,73866488;1,932488445
2019-01-24;2,76182046;1,955404001
2019-01-25;2,7616233;1,955404001
2019-01-28;2,74007412;1,914720085
2019-01-29;2,75019057;1,916942519
2019-01-30;2,77016384;1,943288091
2019-01-31;2,77563886;1,951496266
2019-02-01;2,77256329;1,960758419
2019-02-04;2,77235321;1,975995204
2019-02-05;2,78074515;1,970123458
2019-02-06;2,73931812;1,899062095
2019-02-07;2,71268212;1,893146876
2019-02-08;2,73634271;1,912503448
2019-02-11;2,70954876;1,89435156
2019-02-12;2,7620928;1,928674901
2019-02-13;2,77042822;1,921757872
2019-02-14;2,80941799;1,963394329
2019-02-15;2,80359768;1,954194004
2019-02-18;2,79629609;1,936071582
2019-02-19;2,81509321;1,957183977
2019-02-20;2,79522718;1,935151404
2019-02-21;2,77043005;1,942185327
2019-02-22;2,77633154;1,960319826
2019-02-25;2,76657261;1,949696003
2019-02-26;2,76317061;1,956495172
2019-02-27;2,77214164;1,950034126
2019-02-28;2,74880267;1,917096123
2019-03-01;2,72664165;1,898696923
2019-03-06;2,71631906;1,890595014
2019-03-07;2,70768997;1,891641746
2019-03-08;2,74507935;1,91315361
2019-03-11;2,79377343;1,964301948
2019-03-12;2,77845277;1,961695503
2019-03-13;2,80425692;1,981677602
2019-03-14;2,80495095;1,976409647
2019-03-15;2,82166298;1,986295395
2019-03-18;2,83996025;2,003202024
2019-03-19;2,85781576;1,996137187
2019-03-20;2,83872008;1,965172856
2019-03-21;2,80738728;1,939220955
2019-03-22;2,72667687;1,881569064
2019-03-25;2,72234825;1,880818431
2019-03-26;2,76455026;1,91300387
2019-03-27;2,65435269;1,845513085
2019-03-28;2,72055633;1,893626045
2019-03-29;2,79185359;1,914903637
2019-04-01;2,80316195;1,927694828
2019-04-02;2,78400377;1,914745686
2019-04-03;2,7730148;1,89847038
2019-04-04;2,81168422;1,932703394
2019-04-05;2,81901157;1,948495184
2019-04-08;2,81197754;1,952801904
2019-04-09;2,77705918;1,931324336
2019-04-10;2,77330387;1,925111085
2019-04-11;2,73596477;1,902553456
2019-04-12;2,67051361;1,866834633
2019-04-15;2,67800998;1,870474768
2019-04-16;2,70087649;1,894130331
2019-04-17;2,67826139;1,872788495
2019-04-18;2,73749115;1,896777833
2019-04-22;2,73748614;1,898537039
2019-04-23;2,77885345;1,925184023
2019-04-24;2,75662798;1,909205783
2019-04-25;2,79622791;1,938273245
2019-04-26;2,79348211;1,932284122
2019-04-29;2,78951012;1,931365394
2019-04-30;2,80459225;1,935141744
2019-05-02;2,77712883;1,921094668
2019-05-03;2,8020601;1,929953489
2019-05-06;2,77521776;1,91146058
2019-05-07;2,76082193;1,899867311
2019-05-08;2,79017045;1,923629624
2019-05-09;2,76092477;1,909221723
2019-05-10;2,75285163;1,898343343
2019-05-13;2,66603162;1,848834901
2019-05-14;2,66982999;1,855938864
2019-05-15;2,64936195;1,84644244
2019-05-16;2,58041007;1,814525085
2019-05-17;2,56274005;1,81314023
2019-05-20;2,61664823;1,851833085
2019-05-21;2,69974842;1,902898341
2019-05-22;2,68523574;1,901187439
2019-05-23;2,68545507;1,891936396
2019-05-24;2,68499809;1,885606735
2019-05-27;2,72259655;1,909500433
2019-05-28;2,77871123;1,940473459
2019-05-29;2,80007385;1,944840558
2019-05-30;2,83831554;1,963420413
2019-05-31;2,82942968;1,957226967
2019-06-03;2,84071038;1,957131326
2019-06-04;2,85080208;1,964371987
2019-06-05;2,81080882;1,93848433
2019-06-06;2,85153801;1,961551559
2019-06-07;2,88618615;1,974223923
2019-06-10;2,86348516;1,967101122
2019-06-11;2,90998787;1,9946963
2019-06-12;2,88920003;1,982297333
2019-06-13;2,92327737;1,992258917
2019-06-14;2,91566179;1,977694997
2019-06-17;2,9144427;1,970492495
2019-06-18;2,95196747;2,004869936
2019-06-19;2,96847847;2,02266921
2019-06-21;2,99954515;2,054698146
2019-06-24;2,99467022;2,056160286
2019-06-25;2,95074127;2,017472261
2019-06-26;2,95499878;2,028194139
2019-06-27;2,96107618;2,030410776
2019-06-28;2,9878123;2,037439868
2019-07-01;2,98608115;2,043268625
2019-07-02;2,97820496;2,02963889
2019-07-03;3,03087714;2,057767336
2019-07-04;3,07925384;2,090083193
2019-07-05;3,09934543;2,100595918
2019-07-08;3,13389353;2,111155979
2019-07-09;3,13374875;2,111156076
2019-07-10;3,18497286;2,137380311
2019-07-11;3,17749536;2,124956708
2019-07-12;3,16357867;2,100014346
2019-07-15;3,15206456;2,097035
2019-07-16;3,14823757;2,096785755
2019-07-17;3,1581017;2,099198504
2019-07-18;3,17405518;2,116572709
2019-07-19;3,13524538;2,091687344
2019-07-22;3,13913775;2,10074131
2019-07-23;3,12326783;2,096333637
2019-07-24;3,11976032;2,10349508
2019-07-25;3,07843957;2,074704879
2019-07-26;3,08766245;2,077359627
2019-07-29;3,11368151;2,091167601
2019-07-30;3,11682395;2,082413116
2019-07-31;3,10327563;2,061230681
2019-08-01;3,11754849;2,067995554
2019-08-02;3,12906132;2,078347912
2019-08-05;3,06788456;2,027881133
2019-08-06;3,11990057;2,070302519
2019-08-07;3,13582039;2,083552107
2019-08-08;3,19143481;2,111796481
2019-08-09;3,18188554;2,110661837
2019-08-12;3,13237982;2,069568309
2019-08-13;3,15833174;2,095554988
2019-08-14;3,10592133;2,03619461
2019-08-15;3,07515364;2,011262392
2019-08-16;3,08991627;2,027298596
2019-08-19;3,07627963;2,020874743
2019-08-20;3,08004657;2,016554498
2019-08-21;3,16414685;2,055257014
2019-08-22;3,13875316;2,033649027
2019-08-23;3,06412935;1,985859699
2019-08-26;3,01068143;1,958948979
2019-08-27;3,0288679;1,977149653
2019-08-28;3,05900185;1,995026695
2019-08-29;3,14277542;2,041825806
2019-08-30;3,18964493;2,057853316
2019-09-02;3,18026226;2,049255816
2019-09-03;3,14460673;2,029261641
2019-09-04;3,17914226;2,057489109
2019-09-05;3,20216307;2,077291036
2019-09-06;3,20059656;2,088938888
